c,degree,gamma,aca 
1,1,scale,0.8430851063829787
1,1,auto,0.8430851063829787
1,2,scale,0.7672872340425532
